Number1,Number2,Number3,Number4,Number5,Joker
6,8,10,31,35,11
12,18,26,29,31,15
8,17,27,31,43,6
1,8,11,20,22,16
2,10,16,21,40,15
3,15,16,39,43,13
10,25,27,35,43,14
13,19,33,39,44,5
2,19,34,44,45,18
9,15,20,21,32,7
7,14,26,30,39,15
1,2,8,28,30,8
12,13,16,36,45,4
2,14,20,32,41,11
6,23,28,41,42,5
7,10,17,34,40,11
5,11,19,24,26,10
1,14,18,21,40,5
18,22,23,28,43,20
3,17,19,26,42,10
6,16,17,26,44,16
2,19,36,37,42,12
9,13,16,22,26,14
16,17,22,31,43,20
6,15,25,28,43,11
1,3,20,24,43,18
19,23,38,39,44,15
4,9,13,28,34,13
1,10,26,31,42,19
2,11,13,37,44,4
2,11,19,39,45,15
1,22,23,30,31,4
4,6,16,23,41,14
5,23,25,36,43,14
24,29,34,35,41,14
5,16,19,33,38,19
6,11,20,31,37,4
1,9,18,26,44,3
5,9,12,21,45,14
15,26,28,41,44,3
1,4,16,19,22,18
23,36,38,41,44,1
17,18,22,24,35,20
3,7,30,31,33,3
9,32,38,39,45,18
9,14,28,39,44,15
9,10,21,23,45,3
16,21,30,33,36,9
2,9,16,28,44,20
1,10,16,19,23,1
2,3,4,28,37,7
12,17,24,34,42,10
29,30,37,39,44,18
7,21,22,34,41,2
2,13,26,37,39,10
3,17,20,24,31,14
16,28,29,37,44,14
3,13,15,22,27,18
7,13,33,43,44,17
4,20,27,32,37,5
3,20,24,28,37,7
8,21,29,32,43,3
4,8,10,12,40,5
21,29,37,41,42,17
4,13,18,34,44,15
7,11,33,44,45,9
8,11,13,24,36,6
3,11,18,21,26,16
9,18,32,34,45,10
6,10,14,26,34,5
11,12,17,21,24,10
4,5,12,38,42,19
5,7,25,38,42,3
16,22,29,30,32,8
5,6,15,16,34,1
10,13,29,36,38,5
5,9,14,18,29,8
9,16,20,39,45,4
12,17,26,34,35,4
3,12,23,25,27,18
5,7,10,26,38,12
5,10,15,23,32,18
4,7,30,34,37,18
4,19,26,29,32,1
2,16,24,34,39,19
7,8,27,36,43,6
1,8,13,27,40,9
6,28,33,34,44,4
9,12,13,19,26,12
6,9,13,29,45,16
9,15,20,24,29,8
4,6,7,18,38,15
6,15,20,36,42,7
4,7,18,41,43,14
12,30,31,43,45,16
15,22,23,25,28,10
28,34,35,42,45,5
1,9,21,30,36,19
5,15,35,40,42,14
22,23,35,36,43,19
2,6,14,17,36,19
19,22,29,33,44,17
5,13,27,30,31,15
1,12,17,32,37,20
13,17,19,25,44,5
28,36,41,42,44,6
28,31,35,38,42,8
19,25,37,38,43,16
4,19,20,21,38,7
14,26,35,38,45,14
4,8,27,37,44,15
7,8,12,26,45,3
23,24,29,35,40,18
7,13,30,40,42,18
1,15,18,29,43,6
4,20,31,42,45,8
5,9,40,42,45,5
3,4,18,32,39,14
12,24,31,35,44,17
7,17,22,35,44,3
7,13,23,29,43,2
4,26,33,35,44,15
18,21,37,40,41,5
4,27,33,37,39,14
27,28,37,40,42,16
5,16,17,26,33,3
10,21,29,30,40,7
1,14,34,38,41,7
2,22,27,33,41,17
13,16,17,24,44,10
21,24,30,31,39,9
21,22,26,27,44,2
4,5,9,22,34,6
16,22,32,37,44,15
3,6,12,18,25,2
15,19,25,33,43,1
8,20,32,33,43,15
23,29,31,34,38,18
7,10,14,35,40,7
18,19,35,37,44,10
12,15,21,25,38,19
2,10,21,28,37,15
4,7,20,27,44,15
6,7,21,25,26,12
7,24,26,32,44,2
1,5,10,25,27,6
2,18,31,34,43,16
11,16,31,36,44,10
20,25,26,31,37,18
2,22,24,34,42,20
8,17,23,26,27,15
12,14,16,22,33,3
11,17,34,37,38,10
2,6,22,42,43,8
1,3,7,11,25,3
1,5,17,41,44,18
5,7,20,30,37,14
8,9,11,27,30,13
6,13,29,36,38,12
3,14,36,43,45,7
1,7,9,31,34,16
2,27,31,42,44,14
3,5,6,36,37,6
10,23,34,42,43,4
4,21,26,27,31,18
1,6,8,12,22,2
8,9,18,19,24,8
14,15,33,38,44,7
4,19,27,41,44,18
13,22,27,30,44,13
6,7,24,33,42,7
9,12,20,21,44,18
1,21,24,38,40,1
5,10,29,33,37,7
5,7,9,26,31,18
1,7,21,23,29,8
11,20,23,30,34,18
3,4,14,15,21,9
1,5,29,31,38,12
1,4,9,40,44,15
1,19,20,37,40,20
3,8,13,28,36,7
7,20,29,34,41,6
3,28,40,41,44,3
24,29,34,43,45,7
5,9,18,34,38,7
3,8,12,25,44,5
12,17,36,40,45,17
14,30,33,37,45,3
13,17,23,33,38,10
5,6,31,36,39,18
8,9,32,34,44,15
11,12,30,39,40,18
12,25,29,32,42,5
6,10,11,16,38,19
10,28,36,39,40,15
8,18,19,30,39,13
19,20,25,31,35,12
9,12,19,31,39,8
12,17,25,34,42,15
18,19,28,35,36,7
2,29,30,33,45,16
6,32,33,36,40,7
1,4,5,8,22,15
6,9,10,12,32,17
8,16,20,37,39,9
5,16,23,30,37,12
1,4,5,13,34,10
5,17,22,27,28,8
14,29,32,35,39,20
4,14,20,21,35,10
11,13,16,22,28,13
7,13,21,27,31,3
14,21,29,34,42,13
3,15,18,22,42,14
2,5,16,35,45,13
5,25,28,36,38,3
8,24,35,37,45,20
4,10,19,20,43,16
6,11,17,19,29,16
2,5,15,27,42,19
11,13,17,29,44,9
6,9,10,36,43,17
11,12,19,43,45,17
10,18,35,36,37,3
3,7,22,32,38,20
13,18,21,27,44,18
2,6,8,14,15,2
3,5,7,42,43,20
1,22,24,28,31,4
3,10,25,34,40,10
10,14,17,23,40,20
15,24,25,28,43,17
13,26,27,36,44,9
2,21,32,34,45,6
2,12,19,29,30,7
14,16,27,36,39,2
2,7,12,19,21,2
13,15,29,36,43,16
7,13,28,41,42,4
10,14,29,33,44,16
5,6,13,22,43,11
4,14,24,39,42,6
4,16,24,25,31,3
18,22,25,36,41,20
4,7,20,32,40,4
1,20,24,25,37,11
3,7,12,25,34,8
10,15,33,40,43,5
1,10,34,40,41,6
16,20,22,29,42,1
13,14,17,31,39,14
5,15,29,39,40,17
5,8,24,32,44,9
8,11,12,41,43,14
9,15,17,19,25,4
3,8,12,32,33,6
6,15,21,32,41,7
7,22,25,33,44,20
13,18,20,26,40,19
5,18,19,28,33,17
19,26,29,33,35,14
25,26,33,34,44,7
1,12,36,40,42,19
30,35,39,40,42,18
15,25,27,30,41,15
1,11,20,23,42,8
10,11,16,20,31,15
2,9,10,23,44,19
9,15,23,25,36,8
13,16,39,41,42,8
12,17,26,28,41,7
3,14,20,22,35,8
5,12,25,30,42,9
1,10,17,18,19,16
19,23,31,32,44,7
2,7,13,23,34,18
22,26,31,34,36,15
2,11,12,36,43,14
12,23,32,36,41,3
1,6,8,25,34,14
1,4,15,21,44,14
9,38,39,41,45,19
1,16,31,36,45,16
12,33,35,39,40,2
1,30,31,41,43,8
8,10,30,37,44,4
11,17,22,23,40,8
1,12,15,20,40,12
1,4,13,26,29,2
4,6,8,16,19,5
1,26,31,35,42,4
7,8,10,28,30,17
3,9,12,26,31,11
1,8,11,36,41,4
5,6,23,30,31,19
9,12,40,43,44,8
10,17,18,40,41,13
2,6,14,17,21,2
1,17,26,28,30,17
15,37,43,44,45,5
1,5,25,30,39,7
1,9,15,24,32,14
7,15,17,34,41,10
16,19,29,35,39,15
11,26,28,32,33,13
7,8,14,17,26,8
6,24,34,39,41,13
4,6,34,37,44,10
16,17,26,28,41,10
3,12,22,23,40,13
8,25,30,33,41,7
9,21,34,35,43,3
7,12,15,33,44,8
9,15,17,28,37,12
14,19,30,31,34,16
1,3,6,26,36,18
1,10,18,23,24,8
8,12,25,32,35,7
19,20,22,32,37,2
9,11,29,35,36,5
7,17,25,26,42,1
8,17,19,31,45,12
10,12,21,36,39,1
1,27,34,42,44,14
1,2,8,14,25,19
22,33,39,42,45,1
12,15,38,39,40,17
3,11,15,17,40,10
6,9,28,34,44,16
10,18,24,26,28,18
11,14,17,38,39,11
2,12,19,22,32,1
33,34,41,43,44,5
3,4,19,42,45,11
12,35,38,39,45,1
1,8,12,21,44,10
9,26,28,33,38,10
7,21,26,28,40,11
7,16,24,26,42,11
1,13,22,38,44,6
18,19,32,37,39,14
5,10,16,20,23,16
7,22,23,33,44,20
1,17,19,25,27,7
15,16,29,35,42,12
4,6,9,13,43,9
1,11,14,34,38,9
1,10,18,29,44,20
17,23,27,28,33,4
5,12,20,22,24,7
7,18,29,38,39,4
4,8,31,35,40,3
18,19,20,30,33,7
20,25,36,44,45,20
6,11,21,27,41,20
3,8,22,36,40,9
5,10,12,14,44,5
8,9,23,29,32,9
7,8,17,20,45,17
6,20,35,39,40,6
4,14,20,22,36,1
8,11,13,15,18,5
1,2,3,11,40,1
3,7,23,29,41,17
4,10,21,22,44,15
11,25,26,30,34,7
5,17,19,39,45,20
1,4,14,20,24,7
3,8,16,28,32,4
3,4,8,12,38,1
14,16,28,31,42,19
1,15,22,38,45,19
8,18,22,34,39,19
9,19,23,37,42,13
1,14,34,37,44,13
7,17,21,25,42,3
7,12,17,29,42,4
3,17,29,39,44,12
2,3,13,34,43,18
9,11,15,26,41,8
10,22,30,34,45,9
2,15,32,35,45,11
2,3,4,18,42,7
5,27,38,41,42,3
21,23,32,38,43,20
2,3,4,22,30,7
4,5,6,16,31,15
4,15,16,22,33,7
10,11,21,25,35,11
3,5,9,16,28,18
12,24,37,39,43,16
3,14,18,33,44,11
11,15,34,35,37,13
1,5,10,28,41,3
1,6,20,21,43,8
3,6,35,38,42,16
3,6,9,11,36,20
13,14,23,30,38,11
8,12,17,20,29,13
2,16,20,28,31,3
4,9,13,18,27,18
23,26,30,35,42,18
8,12,17,25,30,3
3,9,18,33,44,16
4,5,13,17,32,12
10,21,28,29,35,9
6,13,32,34,41,8
25,27,33,35,37,8
1,16,25,27,28,10
11,14,34,39,44,6
3,6,8,20,37,3
25,32,34,37,41,13
8,18,22,24,42,9
11,24,26,33,44,13
24,28,29,37,41,17
7,9,15,16,30,20
10,24,34,38,42,1
3,25,30,35,44,14
4,5,16,22,27,4
1,5,15,29,43,6
5,13,14,23,41,4
3,15,29,32,42,14
5,18,21,27,31,12
3,7,10,20,24,20
4,20,30,37,41,2
3,17,27,28,45,18
2,19,22,29,38,14
16,23,33,37,40,20
5,18,22,28,42,20
5,10,16,30,33,1
10,22,27,33,36,9
14,24,36,37,41,18
13,27,33,38,42,5
4,8,12,24,40,18
11,13,20,22,42,3
2,6,13,36,37,12
5,7,8,20,41,14
1,16,18,28,37,14
11,20,23,25,28,7
5,12,23,24,34,5
25,28,35,37,45,8
14,18,34,39,44,2
11,36,40,42,44,9
7,30,33,38,44,6
2,9,17,22,28,5
14,28,32,39,42,18
5,24,30,39,44,10
6,8,19,24,26,5
8,24,37,43,44,3
12,18,23,24,27,17
7,13,14,27,44,17
21,29,31,41,44,10
6,13,31,34,42,20
5,14,29,35,41,4
3,13,24,29,32,4
4,6,23,29,43,17
24,36,37,38,43,20
4,11,18,29,31,4
8,12,24,32,44,18
14,16,20,22,23,11
27,29,33,34,41,16
2,18,32,33,44,1
8,20,24,30,40,1
9,27,31,39,40,2
10,23,28,29,39,3
7,13,15,23,45,1
14,20,24,28,32,10
6,15,17,25,45,12
3,4,13,16,22,14
1,23,31,34,45,8
8,15,19,24,37,7
6,20,23,26,31,3
8,26,30,34,39,8
2,20,28,30,34,9
6,11,35,38,40,3
9,18,32,33,39,6
17,25,29,31,38,10
4,9,24,26,41,8
4,11,25,31,37,17
1,9,12,20,36,19
3,16,20,22,32,4
2,6,18,23,26,3
14,18,32,36,44,20
2,8,11,31,40,14
12,13,16,30,36,1
5,9,33,37,41,12
6,13,22,28,42,15
3,7,19,36,38,5
3,13,17,22,37,7
5,10,36,39,45,9
10,15,22,25,27,6
5,11,13,26,27,14
2,4,7,26,38,7
9,14,36,38,39,12
12,16,18,26,36,16
12,20,30,32,37,7
21,25,26,40,41,12
3,13,14,39,42,10
19,20,23,32,43,14
10,11,29,30,43,6
1,9,19,22,33,1
6,8,28,31,42,13
4,20,28,42,45,14
1,18,22,32,36,11
10,32,33,38,40,13
3,14,23,27,29,18
10,12,29,32,42,1
8,19,23,27,33,7
15,23,32,33,43,15
14,33,39,42,45,15
15,16,18,28,45,16
12,16,17,30,39,17
11,25,27,37,38,12
14,19,24,30,33,13
5,12,18,19,32,9
12,15,24,34,42,19
1,7,15,42,43,18
8,10,12,26,39,3
9,11,13,19,30,16
2,3,12,34,40,19
9,14,17,29,45,10
2,11,26,33,44,20
1,10,13,34,39,4
1,10,19,23,31,20
12,22,33,37,41,10
2,8,13,16,23,3
3,8,21,32,35,12
4,8,12,31,36,4
2,13,16,20,45,7
8,10,15,39,42,2
4,7,18,32,38,12
2,9,29,30,35,1
2,23,25,32,38,9
16,31,36,38,44,8
16,17,23,27,40,16
2,3,14,16,39,7
1,9,15,23,29,5
8,16,17,36,45,20
1,9,12,33,41,14
3,4,20,21,42,20
14,16,29,34,37,4
4,15,20,27,31,18
2,14,25,31,38,1
7,11,13,20,24,10
3,6,14,27,44,1
14,17,20,28,42,8
3,6,21,40,41,4
14,27,36,37,39,1
5,7,13,15,36,8
2,7,8,26,38,19
1,3,25,27,32,20
14,15,18,35,41,8
4,5,11,21,41,3
4,9,25,27,30,15
1,19,29,38,40,2
9,10,33,34,38,14
1,17,24,26,29,6
3,18,24,31,41,2
2,4,23,32,34,9
7,34,37,39,45,8
7,10,19,30,31,20
1,7,13,18,36,15
1,4,11,16,23,20
10,12,13,24,32,6
9,11,17,34,42,19
3,8,22,30,37,18
2,4,13,35,41,4
3,4,16,25,40,19
5,9,17,33,42,9
2,16,34,35,41,1
23,27,34,35,41,1
6,7,11,15,27,12
8,9,20,39,40,11
1,5,10,18,19,18
5,13,25,26,33,5
1,26,36,39,41,18
4,24,29,37,43,2
6,24,29,36,44,1
1,5,7,9,25,1
4,5,28,30,31,13
4,22,24,30,36,9
17,19,20,30,44,7
14,20,23,24,28,6
11,15,30,41,43,8
5,7,9,29,35,19
1,3,25,27,44,8
1,3,5,7,11,18
14,16,17,30,34,3
11,23,24,30,38,3
9,12,16,39,43,13
16,19,21,22,42,9
15,22,25,37,39,17
12,22,24,30,36,8
3,5,6,23,38,8
4,8,27,36,45,19
9,13,34,35,37,17
7,20,37,43,45,2
1,12,13,35,41,1
3,6,10,36,39,8
1,8,31,38,41,19
4,24,31,33,39,6
19,21,27,31,32,13
13,16,23,31,40,8
8,17,30,34,41,13
10,13,18,21,44,11
8,9,10,11,25,10
8,9,24,29,36,15
8,14,39,41,43,16
11,16,19,32,44,17
4,8,13,32,36,3
2,5,13,16,44,8
4,15,24,33,34,14
2,23,29,31,34,7
3,16,28,32,44,1
3,5,10,40,41,8
3,4,10,26,42,15
7,8,11,28,39,7
7,22,31,35,43,3
5,22,24,28,35,3
6,8,9,14,42,3
9,12,18,42,44,14
14,27,29,37,42,7
11,27,31,34,36,19
9,12,13,27,28,3
15,26,33,36,44,19
15,23,33,42,44,14
5,21,28,36,40,18
16,19,27,30,44,20
8,12,19,39,41,10
29,31,37,39,45,19
13,33,34,35,41,4
14,15,27,29,41,18
2,3,10,36,44,15
18,20,23,36,42,6
22,25,28,35,44,11
3,8,11,22,34,3
8,14,24,25,37,1
5,11,28,29,41,1
1,14,24,26,42,11
16,32,33,39,42,11
8,16,22,25,26,16
4,17,27,35,40,4
5,25,26,34,39,17
11,20,21,31,36,5
2,6,28,33,39,1
1,4,11,39,41,8
8,29,34,40,43,16
5,11,28,39,40,20
11,17,18,19,36,7
8,9,19,29,41,3
1,12,27,28,36,7
3,9,12,26,45,11
5,15,18,31,40,17
6,23,29,35,36,6
1,16,18,29,30,9
17,18,25,37,42,19
17,33,35,38,39,12
9,18,20,29,37,9
10,29,39,41,42,19
5,17,22,29,34,19
1,5,15,41,44,9
3,13,29,32,44,15
5,16,18,37,43,12
6,12,16,22,23,5
3,13,17,34,36,8
6,20,24,26,45,5
4,12,16,21,33,13
5,13,18,24,32,1
23,32,42,43,45,13
3,8,13,17,28,8
7,10,11,19,45,19
17,20,25,33,34,7
7,16,20,28,40,4
5,11,20,26,34,20
4,8,9,20,27,6
15,17,26,30,41,11
1,12,15,35,39,15
3,7,31,35,44,8
9,19,22,41,44,12
17,20,23,26,35,19
3,7,10,20,25,9
7,14,19,22,31,10
6,9,13,14,18,20
3,7,8,31,35,7
6,28,33,37,44,5
11,19,25,30,45,8
2,3,17,29,36,13
9,16,34,38,42,2
2,7,21,38,45,2
1,13,15,37,40,12
10,21,25,31,44,11
14,15,16,23,43,2
5,25,28,29,33,5
2,12,17,26,31,7
8,21,24,26,40,3
11,12,21,32,40,15
11,14,17,28,40,16
6,22,29,31,38,9
4,14,15,31,38,15
2,30,32,40,41,16
2,4,21,25,29,8
6,11,22,34,42,19
1,3,6,31,35,3
8,21,41,43,44,13
7,15,20,23,28,17
4,7,34,36,41,9
6,7,16,28,37,16
3,8,23,32,39,6
9,10,17,20,39,13
9,25,29,31,35,7
14,25,26,35,42,18
4,13,23,36,41,8
2,5,6,8,36,9
8,9,14,27,45,12
5,11,23,37,43,1
30,37,38,43,45,13
6,16,35,37,41,3
15,18,22,27,43,11
6,14,19,43,45,17
3,7,11,18,40,4
14,21,26,43,45,5
12,17,29,30,32,3
1,4,10,20,28,12
17,21,23,24,42,20
2,13,23,33,40,14
34,35,36,37,40,16
1,4,19,30,40,1
3,23,29,36,41,19
14,15,17,27,44,19
3,5,17,20,21,17
16,17,21,33,34,1
4,10,16,29,41,16
5,9,18,24,28,12
4,23,24,29,45,18
13,24,25,29,35,15
2,9,10,13,44,18
1,11,17,32,38,14
21,25,26,27,40,7
1,19,28,40,44,14
19,23,26,32,42,10
12,13,16,30,36,5
14,17,20,30,31,16
12,25,27,31,42,4
9,27,29,38,45,13
9,12,31,32,35,10
4,6,22,26,30,2
9,24,26,31,35,4
6,8,17,30,37,8
10,20,29,34,42,4
11,17,20,34,43,10
17,19,22,23,38,14
15,29,31,37,44,15
2,31,33,36,37,18
11,17,27,35,38,20
5,14,42,43,45,10
19,21,29,31,43,18
3,4,7,11,45,4
2,16,24,32,36,16
5,11,30,41,44,20
6,10,12,29,31,18
10,20,23,32,34,19
8,29,33,38,42,14
20,21,26,27,30,6
14,27,31,44,45,9
14,19,37,38,42,5
6,7,8,17,19,15
1,8,20,21,26,7
14,16,18,29,34,20
1,11,15,19,23,15
3,7,30,35,38,4
5,9,11,22,41,4
11,12,14,27,34,8
6,16,22,38,40,8
4,7,10,29,36,16
1,4,11,18,26,20
4,7,20,26,34,16
5,23,25,38,41,11
1,3,13,27,33,11
4,18,27,29,35,20
2,5,14,22,28,10
4,24,37,39,43,20
14,21,26,29,43,1
1,4,16,43,45,13
10,15,21,33,45,9
10,18,26,31,41,1
13,16,30,39,45,6
20,21,35,42,44,8
10,13,25,29,35,7
10,12,15,36,40,11
8,22,32,42,45,17
8,9,30,40,43,2
12,21,23,24,27,8
11,16,19,30,41,6
3,17,27,32,40,16
5,28,29,37,39,12
7,23,32,41,44,12
13,28,33,35,42,19
11,15,17,26,45,7
9,20,22,43,45,2
1,11,23,26,33,4
4,6,32,33,34,5
3,11,29,33,44,7
2,15,21,26,37,7
13,16,18,34,37,13
1,3,18,22,34,18
5,10,17,21,35,18
1,11,16,17,36,7
2,9,28,32,39,5
4,5,9,30,32,4
23,28,42,44,45,11
4,8,19,20,35,9
14,27,36,37,45,3
15,19,21,26,36,2
10,11,14,25,45,1
11,22,25,37,45,3
4,9,27,31,34,13
13,26,34,35,37,12
1,23,33,34,42,8
5,11,24,35,43,16
15,24,32,33,41,18
8,14,17,24,36,10
8,28,31,34,43,6
7,10,14,18,19,13
3,8,14,17,41,15
18,19,28,33,40,8
4,23,24,30,36,7
2,8,20,29,38,10
1,15,24,28,36,13
27,31,33,36,42,2
11,17,29,31,33,1
1,10,30,36,40,14
10,13,17,36,37,13
2,13,19,30,42,2
4,18,19,27,42,17
6,21,27,30,35,7
31,33,34,37,42,13
2,9,12,14,25,14
3,12,17,32,35,1
21,23,31,32,41,7
19,20,28,34,45,7
4,7,25,42,45,11
5,15,25,34,40,10
3,12,24,34,45,20
19,23,24,36,37,10
16,18,27,30,37,11
4,15,27,32,40,19
12,26,31,37,45,9
10,15,24,32,37,2
10,14,17,27,44,1
1,12,13,22,43,18
2,4,22,35,41,19
1,9,11,35,37,1
4,13,31,33,45,6
8,18,26,27,42,12
14,19,22,23,25,18
20,23,29,33,35,1
3,8,12,25,31,5
4,9,11,23,40,10
22,26,40,41,44,18
7,14,18,24,28,2
29,30,33,34,45,4
11,20,29,36,39,13
3,6,30,40,43,18
8,15,17,18,44,8
5,9,11,27,45,6
9,24,34,36,43,14
10,24,32,35,40,13
7,10,12,28,32,5
3,10,28,31,41,6
7,15,17,33,37,17
4,8,15,19,26,17
8,24,34,38,43,16
6,11,15,24,33,3
1,5,22,37,44,12
7,29,36,38,39,8
2,13,15,28,37,12
2,3,9,30,36,10
15,20,24,27,39,3
2,30,33,36,40,9
1,16,36,38,44,12
7,10,34,36,41,5
18,23,27,36,44,9
2,19,20,36,40,12
6,7,10,11,13,20
9,10,30,33,38,7
3,8,9,29,31,9
4,20,23,31,42,1
3,4,11,31,39,8
4,7,9,11,19,14
8,12,13,37,40,15
5,20,23,40,44,18
4,23,24,39,40,6
20,27,31,38,39,4
8,9,14,28,31,19
19,20,33,43,45,19
8,11,14,18,25,3
1,3,16,17,18,15
7,16,21,32,37,20
2,9,26,43,45,12
1,5,8,15,33,12
8,16,19,35,44,7
2,8,11,18,36,2
8,10,23,38,45,15
6,9,25,30,39,4
9,12,23,30,44,15
5,7,10,27,34,11
22,24,30,35,42,11
12,13,36,37,44,19
2,13,20,22,45,5
3,14,16,34,45,7
7,23,29,33,36,5
7,14,27,29,35,12
1,10,20,32,45,19
9,20,27,32,39,15
13,18,25,42,43,1
28,30,34,38,39,19
1,7,19,31,41,19
12,15,17,21,39,16
7,16,32,41,44,2
8,15,20,36,39,9
4,10,11,16,37,3
9,31,41,43,45,13
5,20,23,24,30,9
13,18,28,30,40,14
1,7,9,15,34,1
11,17,18,31,32,12
4,5,28,29,36,15
3,9,21,25,32,12
4,20,26,37,40,15
3,14,15,17,45,1
3,12,14,15,19,12
5,19,20,28,34,1
1,8,9,19,38,5
2,10,13,33,44,15
1,10,26,27,42,7
4,6,16,27,28,18
21,35,39,40,41,14
6,14,25,28,41,14
13,16,28,35,40,20
6,8,11,12,39,10
2,9,26,28,40,6
14,19,20,37,42,1
12,16,23,24,38,18
16,18,21,25,26,9
26,37,38,41,45,9
1,3,17,22,39,12
2,19,21,29,32,19
7,30,38,39,41,3
13,22,25,26,32,1
8,20,30,34,39,20
10,14,25,34,36,10
1,28,30,43,45,20
5,10,17,19,32,3
10,26,27,30,38,11
2,7,14,33,36,20
7,13,15,41,42,7
6,13,17,27,34,13
3,5,18,28,39,9
1,14,26,34,44,4
2,5,9,21,28,15
10,16,29,30,31,7
15,16,31,33,40,15
10,20,23,29,44,8
6,27,29,30,33,12
5,8,29,37,43,11
1,2,26,28,41,15
12,15,23,36,45,5
11,14,16,27,33,8
3,12,26,32,42,7
1,3,5,23,24,15
14,15,24,30,31,14
1,14,18,21,38,4
17,22,36,39,42,1
4,7,25,28,35,20
4,5,30,35,42,10
9,14,28,29,38,17
16,18,29,42,44,14
7,11,36,40,42,14
10,23,29,30,44,18
31,33,36,43,45,20
9,15,18,24,30,10
6,8,17,23,25,11
11,15,18,29,45,2
4,21,25,38,39,12
1,2,6,20,30,18
6,9,12,18,22,5
7,9,22,27,36,18
1,5,16,25,41,2
3,8,11,37,45,4
9,15,19,23,34,20
23,24,31,33,36,17
4,20,24,28,32,12
7,22,29,31,42,15
2,15,20,32,33,1
3,5,39,41,45,3
20,22,26,31,34,1
8,12,14,16,22,11
1,10,15,25,31,14
8,17,18,28,35,18
2,5,7,13,33,4
1,6,7,24,30,18
5,22,29,31,36,18
5,10,12,17,41,15
15,18,22,23,36,8
2,6,28,29,31,11
2,6,9,28,38,11
7,11,36,37,44,1
5,13,21,31,34,5
5,19,25,28,36,5
9,13,21,22,37,1
1,15,26,30,42,6
2,10,15,17,39,14
6,17,19,24,44,3
4,27,28,34,43,20
15,23,30,37,42,19
3,8,20,24,45,5
7,9,22,29,39,17
1,4,5,7,36,4
10,12,17,25,33,1
26,29,33,39,45,13
1,6,27,40,41,18
17,22,27,31,41,7
23,29,37,43,45,19
2,4,22,23,39,17
1,9,15,42,43,17
3,13,20,21,40,13
4,11,19,31,43,14
11,15,23,25,31,14
8,11,14,15,39,2
2,3,17,21,24,4
13,19,22,25,27,8
5,11,12,18,23,19
3,13,15,39,43,9
2,22,25,34,41,7
8,22,23,36,43,19
3,23,30,33,38,10
9,31,32,41,44,12
4,7,17,27,42,8
4,9,13,31,45,10
2,8,10,29,39,18
4,9,21,38,40,15
11,13,18,31,40,11
9,10,12,21,38,4
21,29,31,32,40,16
8,24,37,42,43,6
4,5,12,15,21,6
12,24,35,37,39,3
9,19,23,40,42,9
4,11,22,23,34,12
1,13,17,21,41,12
5,13,20,25,28,16
3,11,20,35,38,6
10,12,29,43,45,11
2,3,26,37,42,20
13,19,23,26,36,10
3,4,8,12,25,4
3,8,10,17,18,9
1,9,26,30,45,16
3,7,14,29,38,12
4,9,26,28,30,17
7,10,22,32,43,8
6,16,20,28,32,2
3,7,9,19,44,9
11,17,22,24,26,15
3,9,11,18,36,19
6,18,20,24,34,18
4,15,21,42,44,19
8,14,29,33,44,15
1,4,8,34,43,11
20,29,34,38,43,7
4,9,17,22,32,12
3,13,23,36,42,14
1,17,25,30,39,10
1,13,15,24,40,8
3,13,14,17,40,17
6,20,21,30,45,18
5,22,25,30,45,9
3,13,22,24,25,2
5,21,22,25,32,11
2,13,24,29,38,10
11,19,23,32,45,10
3,4,6,38,41,16
1,7,24,30,34,14
1,3,25,26,32,13
9,14,35,37,43,13
4,21,27,30,45,4
6,10,32,35,42,13
5,12,15,25,28,17
4,9,28,31,39,8
2,9,19,24,25,16
13,15,24,36,40,15
6,14,21,36,39,9
2,13,27,32,33,13
1,2,11,15,35,3
9,27,29,36,38,14
21,23,25,29,32,16
10,14,37,38,43,18
2,6,25,35,38,8
1,11,27,40,44,16
14,19,24,29,37,8
8,10,16,32,42,3
3,18,22,29,41,2
2,10,12,14,30,3
3,13,15,18,26,18
9,21,35,44,45,13
17,21,31,41,43,2
1,12,15,27,28,1
4,17,39,41,43,15
8,15,21,31,40,3
2,4,28,29,36,2
10,24,31,34,35,5
1,16,20,28,29,1
12,25,28,30,39,16
4,7,23,34,45,12
1,5,8,12,15,19
6,15,33,38,42,19
24,28,32,33,43,18
33,35,40,41,43,4
10,11,24,25,41,6
12,17,23,26,36,20
3,4,32,38,39,19
6,8,12,27,42,16
2,14,23,28,42,1
11,15,16,29,31,18
8,17,25,31,33,10
1,2,5,10,30,17
5,12,33,35,36,8
10,11,26,28,32,11
6,23,24,25,37,9
7,15,16,19,40,11
5,10,16,28,40,19
11,18,22,25,41,19
6,7,20,23,40,15
10,29,35,36,45,7
10,18,24,27,41,15
5,12,13,40,41,2
7,22,31,43,44,13
34,38,40,41,43,6
8,12,23,27,29,15
1,7,12,21,42,17
9,16,33,40,41,3
8,16,24,30,37,17
2,9,12,27,41,11
3,29,32,33,42,20
12,14,15,17,38,8
25,29,35,36,44,11
13,17,21,36,45,6
10,12,29,30,43,12
27,28,31,37,42,1
3,13,17,23,32,19
14,23,25,27,34,20
4,21,30,37,38,8
2,13,16,19,20,11
17,29,31,37,38,15
4,14,20,27,35,10
8,10,28,38,41,6
3,5,8,24,40,17
18,19,21,34,38,15
2,5,31,41,45,11
3,4,16,33,37,15
22,27,38,40,42,2
1,16,22,25,38,2
9,11,33,43,44,13
4,21,33,34,36,16
11,17,29,33,43,16
7,10,13,14,30,17
1,8,13,30,42,3
14,23,31,41,45,7
8,12,14,23,45,16
11,14,18,27,45,19
20,22,29,31,32,5
8,22,27,29,38,4
20,21,25,30,38,11
11,22,26,35,36,18
4,7,25,37,42,13
14,16,17,26,34,10
5,26,30,31,41,17
1,3,31,35,42,7
12,13,20,34,39,11
5,9,11,28,31,19
1,14,27,39,41,2
10,14,33,34,42,6
8,15,22,40,45,6
12,17,28,30,36,8
14,29,35,43,45,1
2,31,33,35,43,20
11,13,25,38,45,11
3,16,26,34,40,8
10,17,24,36,41,9
2,3,5,25,39,13
6,16,22,26,37,9
3,4,21,25,30,10
12,17,20,21,23,15
11,12,24,31,34,10
2,10,16,18,19,9
2,18,22,25,34,17
3,9,11,28,34,4
8,9,23,35,41,3
10,11,13,21,36,3
12,23,28,40,41,4
5,11,27,40,45,10
2,6,20,33,34,1
11,15,19,32,44,1
12,24,40,41,43,19
6,14,30,36,39,2
2,16,28,30,45,20
3,12,14,27,42,18
6,12,13,24,31,17
4,12,21,31,43,20
16,23,29,40,42,15
10,14,19,21,40,2
4,10,18,32,44,2
15,23,34,35,44,3
12,27,37,38,44,10
4,15,17,30,32,4
14,16,18,31,32,13
27,37,38,39,44,1
11,34,35,38,39,17
2,5,9,32,34,5
8,12,19,21,34,8
5,7,14,29,40,4
2,20,33,35,41,7
5,15,29,32,44,18
3,13,18,23,38,4
14,32,33,35,40,8
2,8,23,33,45,19
5,12,18,34,37,12
1,4,8,18,39,6
16,17,19,21,24,5
5,22,23,25,33,17
8,12,21,35,37,4
8,23,24,30,37,15
12,18,26,43,45,19
7,8,12,21,26,4
1,15,30,31,42,7
2,6,18,22,31,2
7,18,19,29,37,11
10,16,29,34,40,5
6,7,8,26,43,7
9,15,17,24,34,15
3,5,10,23,44,13
9,15,27,35,41,8
9,14,37,40,43,15
18,24,30,38,39,15
7,14,21,44,45,19
8,14,15,17,29,17
23,24,28,39,43,12
4,26,27,30,44,5
20,34,38,41,45,13
5,12,15,35,43,1
2,6,16,20,29,6
8,17,19,26,36,1
6,14,31,42,43,17
5,9,10,20,44,16
1,21,22,41,43,9
1,5,27,42,43,15
14,19,21,31,32,4
10,17,22,27,40,10
5,14,24,27,43,4
5,24,27,31,35,3
3,26,27,39,44,8
14,20,21,30,31,5
11,27,34,38,40,15
2,15,16,28,43,10
1,2,4,16,19,12
14,21,27,38,45,8
25,26,27,32,37,4
6,20,27,32,34,10
4,17,25,28,30,10
1,5,9,11,14,8
5,12,19,41,44,2
3,13,14,27,31,4
25,32,33,35,41,19
5,10,11,21,26,10
15,31,37,39,45,5
4,5,14,18,29,8
5,29,32,36,38,15
6,13,20,39,42,5
12,24,25,43,44,3
1,7,13,16,38,2
20,27,37,41,45,20
17,25,36,39,45,10
4,13,14,22,41,4
1,5,10,19,28,6
12,19,29,30,44,5
10,27,28,31,38,3
11,13,18,24,30,9
1,4,8,12,42,16
19,21,31,41,42,16
2,10,19,31,32,13
18,22,23,25,37,14
15,21,22,27,42,9
6,9,11,17,25,11
15,17,24,28,33,6
4,11,23,34,43,10
9,10,14,17,43,1
1,9,21,26,34,4
12,13,18,32,34,13
7,16,27,39,42,19
2,18,24,27,29,6
15,19,31,33,41,8
20,34,40,43,44,15
2,12,13,27,31,17
8,20,31,39,41,18
9,10,13,19,37,5
17,20,33,39,41,3
3,13,21,25,30,17
4,7,18,20,45,8
17,20,28,34,45,2
13,16,18,23,40,12
2,22,27,37,41,6
13,14,19,28,42,14
16,24,30,42,43,13
15,34,35,36,40,14
9,13,14,15,35,3
7,23,29,41,43,18
12,18,27,30,42,7
5,11,20,25,26,3
3,5,9,14,21,10
10,20,28,32,44,3
5,19,24,41,44,11
3,4,21,22,32,4
5,16,24,29,33,15
7,9,22,24,35,5
17,22,29,31,44,4
13,27,29,34,44,1
3,6,8,25,39,19
2,18,24,27,39,9
3,5,27,33,36,7
6,18,40,41,43,11
9,16,24,26,39,17
13,21,23,29,38,18
16,32,35,37,39,8
1,11,16,39,42,3
19,22,23,32,41,16
3,28,29,35,43,6
17,20,34,40,44,13
16,21,23,25,31,10
3,15,23,36,38,9
6,23,24,42,45,15
10,12,17,31,40,4
16,19,29,38,39,11
12,32,34,36,42,16
2,20,27,36,44,7
16,19,33,41,44,17
5,7,9,33,40,7
16,17,18,20,38,3
7,16,19,36,39,2
21,26,29,40,44,4
1,11,23,25,29,17
21,31,38,39,43,10
6,13,26,27,40,16
20,22,28,29,37,17
4,13,24,42,45,15
2,12,22,34,39,13
15,17,21,29,38,2
15,33,34,39,40,10
7,20,21,31,32,8
3,17,19,34,44,10
6,20,31,36,42,3
4,13,19,28,44,11
10,13,24,38,45,8
3,20,28,32,44,1
5,9,16,33,36,19
4,14,20,32,36,2
1,2,20,21,35,2
2,3,17,33,41,17
4,12,22,28,42,16
4,16,20,28,39,11
2,18,20,34,42,20
14,19,38,39,40,18
17,31,33,37,43,18
6,8,10,14,19,3
5,6,15,24,44,8
13,30,35,44,45,10
1,5,29,32,43,15
9,12,13,31,36,17
8,14,25,28,37,9
24,25,30,31,42,16
1,24,27,32,40,18
7,8,10,11,30,15
24,26,32,36,44,7
10,17,25,38,39,7
1,2,8,9,24,6
2,9,33,36,41,20
1,9,21,28,38,2
2,16,34,44,45,5
6,13,30,31,35,9
11,18,19,28,39,7
7,10,27,29,37,12
6,25,35,37,38,11
23,37,39,40,44,4
1,28,35,37,41,7
1,4,18,20,34,12
5,9,15,22,42,10
18,24,25,28,32,18
5,15,16,29,44,7
1,27,39,41,42,18
14,15,18,39,42,11
1,3,16,23,30,10
9,14,20,24,30,16
5,9,16,39,42,12
10,18,19,29,32,17
5,7,13,17,37,2
1,26,32,37,38,9
6,13,18,23,45,12
2,6,13,16,43,10
6,8,21,29,45,10
3,9,16,33,40,2
14,17,19,21,41,20
11,12,17,35,36,13
2,19,30,31,40,6
10,14,15,37,43,16
6,9,11,26,42,19
8,9,14,29,43,3
1,6,14,34,41,9
5,13,18,24,35,10
4,7,23,30,35,16
2,7,14,23,37,18
17,23,25,33,40,12
1,11,29,36,41,11
4,5,8,13,14,9
19,21,25,31,41,13
18,19,25,34,36,17
7,25,27,36,44,3
10,21,29,31,34,18
6,8,16,20,43,18
11,15,20,23,36,3
6,12,13,20,39,5
11,12,27,41,43,7
3,9,16,33,36,18
7,8,9,25,32,4
9,24,29,36,42,15
4,14,15,29,31,5
2,14,17,22,28,6
3,4,13,28,42,17
7,14,24,33,38,3
5,12,19,22,34,5
4,19,20,22,41,3
4,19,24,40,44,17
3,21,25,35,42,20
4,7,9,19,34,13
20,21,28,44,45,8
6,10,30,35,41,6
2,7,9,11,39,16
1,8,18,27,42,16
11,13,16,39,44,17
2,7,10,16,40,17
15,16,34,37,44,9
13,16,21,24,30,1
22,24,25,31,37,7
9,11,14,16,24,14
9,12,15,28,31,2
13,25,30,40,44,3
9,20,22,31,40,19
14,28,31,41,42,1
5,16,17,24,31,8
6,14,18,26,35,2
15,17,26,30,37,1
4,6,8,30,45,6
3,17,38,39,42,18
3,5,11,27,35,11
6,23,24,26,30,4
6,24,33,41,43,6
1,12,17,23,33,1
14,18,19,26,30,19
3,11,15,27,33,5
14,16,32,38,39,16
14,23,30,41,44,6
1,25,27,42,43,7
17,19,20,31,35,7
1,4,33,40,45,15
14,19,27,32,43,9
1,10,17,26,34,10
3,6,10,40,45,10
8,11,12,18,38,8
2,17,25,30,35,7
22,26,35,41,42,19
4,5,10,18,42,19
5,6,22,38,44,1
21,23,26,28,30,9
12,21,29,32,44,11
4,7,12,38,40,12
3,17,22,41,42,2
1,8,24,28,44,3
1,12,16,26,43,3
19,25,27,28,32,6
3,9,17,34,43,4
4,7,20,31,40,12
8,20,24,32,43,10
5,11,13,33,38,10
6,26,33,34,36,14
8,12,13,25,37,15
4,8,15,19,23,4
1,9,27,40,42,19
9,13,14,25,32,13
17,25,27,39,40,8
5,30,31,36,44,19
7,13,32,35,39,2
9,11,22,39,45,18
1,13,14,15,42,7
2,5,26,28,44,7
13,19,21,22,32,12
1,38,41,44,45,15
12,13,25,31,41,15
6,18,25,41,44,8
9,18,20,31,38,18
5,27,36,38,40,11
7,18,28,29,35,19
10,13,14,23,44,14
3,6,14,15,32,17
3,12,24,41,42,1
3,31,40,42,43,3
1,9,29,39,41,18
14,16,25,38,44,7
5,8,15,26,38,18
2,20,23,37,41,10
11,13,14,23,28,5
5,13,17,26,28,11
1,9,34,41,42,16
4,13,24,33,35,12
3,22,36,37,39,11
15,28,38,41,42,3
1,6,14,17,33,17
2,3,19,20,40,4
4,8,24,32,42,16
10,12,16,29,36,19
6,9,13,32,42,4
3,10,22,27,44,15
11,16,17,34,41,3
1,16,34,38,43,15
1,15,29,38,40,4
12,13,29,42,44,9
6,18,21,33,45,5
7,10,16,33,35,1
6,32,37,39,41,2
11,13,21,32,34,6
6,26,31,35,37,1
14,17,18,38,42,19
26,27,36,38,39,17
3,15,21,26,37,6
7,10,31,37,39,16
5,19,26,30,34,2
21,24,27,37,42,14
3,8,10,26,40,10
14,33,34,39,42,19
1,8,10,14,35,1
3,4,21,34,40,7
6,7,28,42,43,5
20,25,26,27,28,6
5,17,27,34,37,5
3,4,13,21,36,19
4,20,32,38,41,18
3,12,16,21,31,4
6,13,18,36,38,19
6,31,34,36,43,3
9,22,26,27,34,5
8,17,21,31,36,20
8,28,32,38,41,14
1,19,25,26,41,5
7,15,18,26,36,14
6,7,10,16,30,3
12,16,23,34,36,16
2,21,27,33,43,19
11,22,34,39,42,6
11,14,30,42,43,13
14,35,36,40,44,16
4,12,35,43,45,15
15,17,21,37,42,11
32,33,38,43,44,10
13,17,39,41,42,5
3,6,25,34,37,16
22,23,26,29,42,6
1,7,21,23,44,8
1,24,37,41,45,9
7,15,27,30,37,7
4,6,11,15,37,19
17,22,24,26,29,5
10,15,30,44,45,2
19,25,28,38,45,19
7,8,9,41,45,17
4,13,21,33,37,5
19,26,27,35,42,10
1,11,15,18,21,15
18,25,28,39,44,16
4,8,19,21,30,11
13,14,20,32,35,8
3,7,19,22,35,4
3,9,19,28,32,2
2,3,21,28,32,3
2,10,13,16,26,4
13,24,25,31,41,9
18,20,28,40,44,7
3,5,26,43,45,13
16,27,29,37,40,1
3,9,12,23,39,4
23,26,30,33,36,7
13,18,23,24,27,6
5,20,22,29,36,17
7,8,13,17,21,16
2,4,7,24,27,4
11,23,30,36,37,17
21,23,26,29,31,11
5,10,25,31,37,5
5,7,13,36,41,2
1,22,28,29,32,5
4,20,28,33,40,1
6,13,32,33,45,14
7,11,12,18,45,4
11,17,37,42,45,20
4,11,19,23,35,12
1,6,14,26,45,14
17,32,35,38,45,19
10,12,29,35,37,19
11,14,18,24,31,11
14,15,17,26,42,14
21,22,28,32,43,10
2,3,7,20,44,4
15,27,31,32,37,20
4,27,35,36,39,12
7,27,38,43,45,15
26,31,33,41,42,20
5,9,32,43,45,14
4,6,7,28,41,8
14,25,29,34,38,4
13,24,31,42,45,2
19,24,33,36,44,13
12,18,25,41,43,20
2,8,16,25,27,1
1,2,13,35,39,17
5,11,21,28,30,13
5,15,20,21,30,2
9,15,21,22,41,6
6,25,29,38,43,4
7,10,21,25,29,19
1,20,32,37,40,7
1,4,6,10,41,8
2,13,18,41,45,4
28,32,33,37,43,5
5,14,27,35,40,6
19,26,31,32,42,8
1,8,14,34,42,14
17,24,26,37,43,14
5,25,28,29,40,7
5,6,18,19,34,20
9,21,26,32,40,2
6,7,12,16,29,13
4,10,16,31,36,14
24,27,34,39,45,16
13,14,31,38,44,11
1,5,8,11,45,11
2,4,6,34,35,18
8,23,24,27,35,13
26,28,38,43,44,5
6,13,28,32,34,4
9,13,19,29,35,11
4,11,12,38,43,16
6,14,22,26,44,13
11,13,19,43,45,17
1,19,24,33,34,1
1,2,5,7,34,18
2,10,14,29,43,17
3,16,32,35,37,3
17,18,19,22,32,7
12,19,21,27,32,2
16,21,24,37,44,4
1,25,27,29,45,15
4,23,28,34,42,7
2,3,17,28,35,2
1,8,15,39,41,18
7,22,35,40,41,5
1,9,14,20,44,7
11,17,19,24,30,1
11,18,21,32,38,14
2,8,25,33,41,6
1,7,18,37,45,10
15,19,23,42,43,6
4,7,24,31,40,15
12,20,28,33,34,2
2,18,35,36,37,9
8,9,14,38,42,15
6,11,14,27,35,3
11,26,31,39,41,10
13,15,20,30,34,13
12,20,21,24,29,12
18,22,27,35,41,20
4,14,25,37,38,7
21,26,28,30,38,14
1,5,29,32,37,10
7,11,12,20,26,19
8,26,30,36,38,13
6,11,20,41,44,7
19,20,23,28,32,5
1,13,23,25,36,17
4,31,32,39,44,2
8,17,30,39,42,15
7,14,16,25,44,11
4,16,22,27,38,6
6,18,21,33,42,12
6,14,18,29,38,4
4,15,35,38,40,17
1,20,30,39,40,3
23,26,31,32,39,13
2,12,26,30,37,15
11,15,24,27,33,12
19,26,28,37,44,16
6,10,12,16,31,18
5,31,35,38,39,14
6,9,21,26,36,12
8,20,28,30,39,4
3,9,15,25,33,2
11,21,27,30,37,6
3,5,8,13,27,18
9,20,22,26,28,3
12,25,30,31,34,15
16,28,33,38,42,4
2,12,28,33,36,7
3,4,26,31,45,16
21,23,26,27,40,18
12,15,19,21,25,19
10,13,30,40,41,9
1,16,27,43,45,18
14,19,35,36,37,3
10,28,35,38,45,2
6,11,13,26,45,4
8,17,30,31,34,16
12,15,18,28,40,9
6,11,14,16,17,8
7,11,15,42,45,3
2,15,19,42,43,6
2,10,13,26,43,7
15,17,37,39,42,5
12,24,30,37,38,7
13,15,16,18,39,2
6,19,23,29,40,8
3,26,27,42,45,11
3,17,22,26,40,19
33,35,37,39,45,10
6,18,25,30,36,8
2,3,14,18,30,6
3,22,25,32,38,1
7,8,14,24,41,17
1,9,11,12,28,12
19,28,34,38,40,11
10,11,22,41,44,7
9,11,25,31,43,2
1,2,13,37,41,15
2,3,23,24,34,17
14,17,19,20,37,15
17,18,33,38,43,5
2,6,9,19,31,5
4,10,24,28,32,16
11,31,36,40,41,9
4,23,30,32,45,12
1,13,19,31,36,10
24,27,35,36,37,6
2,24,31,34,43,1
10,18,19,29,39,13
11,16,19,34,37,3
3,11,17,23,43,12
7,15,18,29,42,3
6,13,18,22,31,1
5,17,22,24,32,12
2,4,26,37,39,5
8,33,35,38,45,9
4,9,17,18,43,11
7,10,17,35,42,17
5,10,29,33,40,4
3,15,18,22,38,11
1,7,23,34,38,9
4,8,10,28,32,18
2,11,26,35,43,1
1,3,6,30,43,11
3,22,23,41,43,1
2,12,17,27,34,12
13,16,31,37,42,6
1,12,34,35,41,4
17,20,27,34,42,8
7,24,29,30,40,18
6,7,10,18,45,11
3,7,37,38,43,11
2,8,35,39,41,8
19,21,24,32,45,9
9,26,34,43,45,3
1,3,6,8,38,15
14,26,30,32,45,12
1,11,13,34,42,9
5,11,12,18,23,3
4,11,13,19,43,4
5,16,30,34,37,15
24,26,30,32,34,1
2,17,18,26,28,4
7,25,29,31,37,8
8,9,11,13,45,9
7,16,21,32,44,11
2,11,26,27,28,5
3,4,18,27,34,6
4,11,25,28,44,14
2,23,29,42,44,2
13,24,26,36,43,15
5,10,14,17,26,12
2,4,6,12,40,9
7,10,12,19,39,5
19,25,31,37,38,14
11,15,22,36,45,2
2,16,18,22,24,3
1,4,9,36,42,7
7,15,18,20,30,12
13,15,17,26,45,16
2,12,17,19,34,3
7,30,36,38,44,14
11,12,19,21,36,8
12,16,33,37,44,12
11,12,17,25,41,13
8,12,14,24,37,12
18,24,28,30,34,13
1,2,17,35,41,20
5,8,27,31,32,13
14,16,17,41,43,18
3,6,20,23,39,1
6,12,13,27,33,3
8,14,23,28,29,13
8,14,20,24,45,8
15,24,26,33,44,12
10,17,24,33,45,8
11,14,29,38,39,9
6,9,10,13,22,4
8,22,25,37,42,17
1,2,3,6,32,2
11,12,25,31,36,19
7,9,32,35,37,9
2,4,12,18,26,18
2,5,25,27,43,12
2,9,21,26,41,7
14,20,30,31,34,1
10,11,15,22,39,5
3,8,34,35,44,2
3,19,23,34,45,2
10,11,16,18,27,20
3,27,32,33,37,14
1,4,14,15,29,9
2,15,33,37,38,20
13,20,31,37,44,20
10,14,16,22,44,1
8,20,23,31,41,11
2,13,35,36,43,9
18,24,28,29,34,17
7,11,26,33,42,15
8,17,24,31,39,19
4,6,31,39,44,3
1,37,44,15,3,7
3,14,15,24,32,8
2,5,21,28,38,6
7,11,23,29,42,18
3,9,18,21,25,20
8,20,31,32,39,8
3,9,11,22,42,12
1,13,18,26,37,17
23,26,32,34,42,16
6,7,12,23,39,16
5,15,32,35,36,9
6,7,14,31,36,5
13,31,38,39,44,4
11,22,33,34,38,16
27,32,34,35,43,16
4,21,23,34,43,19
6,12,21,28,34,16
2,11,13,21,39,6
14,21,29,35,36,18
8,23,24,28,32,9
5,8,15,21,37,20
13,28,32,34,40,12
4,11,17,32,36,10
2,14,23,24,32,11
1,13,38,40,44,20
17,22,36,39,42,14
5,29,31,32,43,11
5,14,25,36,37,2
10,9,28,8,32,16
12,9,14,15,16,20
25,35,36,39,40,12
5,24,30,40,41,9
8,30,43,10,6,18
39,6,26,32,3,4
36,24,13,22,12,10
16,42,33,14,11,13
42,32,8,23,40,4
34,24,3,1,25,1
41,4,40,23,28,2
24,20,16,36,38,15
33,21,32,41,3,5
2,10,18,42,22,6
43,14,36,18,37,16
43,40,2,5,25,10
26,41,23,18,7,16
26,38,20,24,22,10
32,44,18,31,29,16
44,16,29,21,36,18
18,28,24,22,19,5
27,26,24,42,13,2
38,31,13,44,4,12
40,2,45,25,39,20
3,1,32,37,16,17
23,39,31,32,6,14
34,21,1,13,3,16
41,33,22,8,40,6
16,19,38,22,5,1
12,38,8,36,21,13
18,30,17,24,44,17
21,2,41,39,36,8
13,21,33,23,8,6
10,3,32,29,21,13
17,26,34,1,40,13
32,45,13,17,35,1
15,25,33,39,43,1
12,15,1,23,31,6
34,41,8,11,44,14
36,2,17,11,32,1
5,15,36,2,26,9
4,23,40,44,9,17
41,10,34,42,15,20
26,36,23,39,9,13
45,9,4,44,13,15
4,8,37,25,26,20
34,21,26,20,22,14
21,41,13,9,22,19
31,11,22,36,6,2
5,8,23,43,14,5
9,10,21,15,31,18
25,39,27,9,33,17
2,41,11,6,18,14
37,14,18,8,23,18
19,38,2,15,24,17
34,28,15,45,11,19
12,10,36,2,26,15
27,34,45,20,36,6
41,6,23,39,28,1
39,10,25,17,44,8
11,35,33,17,6,13
1,27,14,10,4,3
14,36,9,2,32,17
21,2,33,39,1,19
43,42,31,41,45,19
25,23,16,15,2,1
28,26,43,25,5,9
27,11,16,26,20,13
4,22,36,5,11,20
26,21,34,5,18,11
20,28,45,25,38,13
43,36,14,33,6,11
33,3,18,11,4,5
44,32,9,3,28,20
37,22,8,41,19,16
15,42,38,20,22,20
15,13,6,25,14,16
6,19,21,42,40,17
43,44,14,27,26,6
45,27,7,35,16,6
21,31,9,10,39,18
30,27,11,21,23,20
2,37,32,31,29,11
22,26,17,3,9,4
44,22,18,26,42,11
42,45,3,26,29,1
4,7,16,27,5,7
26,34,8,3,45,16
24,12,34,40,45,8
41,36,28,16,2,14
16,32,10,43,34,19
37,24,12,15,6,5
45,24,44,14,21,6
15,34,13,11,40,15
16,44,1,2,21,10
8,34,36,15,12,13
42,1,22,33,24,15
13,36,2,15,14,15
1,34,15,30,28,5
34,37,17,32,11,14
27,10,45,31,15,3
13,33,10,11,1,14
24,31,22,12,5,13
23,25,11,27,16,20
8,39,36,41,20,8
34,4,32,8,21,12
37,12,45,28,1,4
2,25,10,29,39,10
22,36,44,27,29,13
20,25,37,12,27,11
27,12,1,4,36,17
31,9,3,15,6,1
38,25,40,17,13,2
12,6,43,45,38,17
37,6,30,1,16,6
19,26,15,44,29,19
45,36,42,6,10,6
23,3,22,26,19,5
29,39,17,30,5,9
4,27,22,23,42,20
12,2,32,5,39,7
13,42,38,3,24,17
34,40,41,8,3,19
11,20,7,32,10,14
28,33,19,18,35,3
3,28,19,10,1,2
2,7,42,25,9,4
13,34,31,28,12,5
22,24,15,3,38,2
20,3,12,18,13,14
11,1,34,42,20,10
7,10,27,40,43,18
28,38,1,20,33,14
30,16,7,14,26,6
33,16,31,5,20,17
44,36,17,8,28,15
40,23,38,6,10,20
45,30,15,27,9,3
6,17,27,35,34,4
37,14,11,20,36,3
42,44,37,11,5,2
20,8,45,42,7,13
16,9,41,24,23,14
18,36,2,12,31,1
35,37,25,34,23,2
1,26,7,15,2,11
6,19,29,35,25,11
41,3,10,5,21,14
14,38,12,16,31,19
27,35,41,45,18,18
43,27,30,44,16,19
23,8,42,37,18,18
43,32,19,33,14,8
42,28,19,25,34,12
24,37,4,7,38,13
23,34,40,18,28,19
32,29,12,41,22,2
35,18,24,36,12,10
26,41,31,5,18,1
35,32,17,2,41,17
20,44,17,32,37,18
2,17,37,16,5,8
14,24,21,7,42,13
37,31,16,6,8,12
17,41,36,31,44,5
45,31,1,19,10,9
4,7,20,32,27,4
32,2,20,31,41,20
32,23,29,13,25,9
8,19,6,5,33,1
14,28,43,24,3,19
32,40,23,45,29,13
9,45,17,23,16,5
5,6,8,22,3,16
24,30,35,42,32,19
41,11,18,7,5,20
9,20,17,23,24,10
10,35,6,23,3,8
42,43,28,27,9,12
26,34,32,36,10,16
6,5,20,12,22,19
19,25,7,28,14,20
9,39,7,44,13,6
19,20,36,43,12,14
19,35,20,32,34,9
3,40,38,8,37,15
7,2,18,21,15,2
34,32,7,43,30,1
42,5,11,37,20,7
11,25,40,26,14,7
33,3,37,41,44,9
37,19,40,41,23,19
28,21,34,39,24,1
2,42,38,35,40,13
41,43,37,29,34,7
8,11,41,4,33,18
22,34,25,15,20,10
21,40,34,1,17,20
21,4,33,9,11,5
42,7,27,23,10,11
32,45,31,6,37,19
21,37,25,2,28,16
31,4,16,2,26,10
37,23,27,36,20,12
36,31,29,41,15,5
8,26,16,10,33,10
27,45,43,12,38,7
41,33,17,8,40,17
5,40,11,45,29,18
22,26,41,39,29,16
24,45,38,11,35,12
31,22,13,41,2,10
13,38,43,22,9,8
41,39,24,11,3,9
9,38,10,11,31,6
18,3,28,24,1,8
7,28,10,22,45,5
11,15,22,18,41,5
41,21,12,13,10,19
16,15,18,20,24,5
8,43,14,36,23,18
21,33,17,32,37,2
28,39,17,43,27,12
17,5,31,7,28,17
6,5,28,10,40,9
39,18,45,7,3,5
21,26,37,42,29,15
14,28,40,30,8,13
26,14,1,28,2,18
31,9,29,14,1,18
18,39,15,6,20,20
31,19,25,30,33,19
33,17,34,29,28,15
23,45,3,26,38,9
1,20,37,36,5,6
33,20,3,6,43,20
35,14,28,25,17,16
17,5,19,30,1,16
40,21,10,11,24,20
36,27,30,35,44,11
3,32,7,12,31,11
17,21,4,9,25,19
22,35,42,38,31,10
23,17,30,19,1,15
30,40,45,12,42,8
43,44,38,13,22,16
28,16,3,41,10,7
27,4,9,8,36,11
4,28,22,23,27,3
5,15,40,42,30,15
38,17,28,9,6,4
1,8,22,35,6,9
28,26,4,40,25,20
16,19,21,11,24,16
30,26,6,19,40,3
13,34,44,4,5,12
19,30,6,16,27,4
33,30,5,28,32,1
27,11,41,39,19,3
36,13,6,44,28,2
43,18,7,16,37,11
27,7,36,34,28,9
10,33,43,16,28,17
7,23,28,10,24,3
25,24,8,45,27,8
17,33,10,22,13,2
28,15,24,41,4,12
28,30,16,40,36,13
10,20,17,34,8,19
8,34,20,21,37,12
29,30,5,33,38,9
13,3,22,30,14,18
39,15,26,38,33,18
5,3,44,26,7,13
27,22,30,45,19,15
19,41,37,43,5,5
18,15,34,11,29,11
16,14,24,17,1,6
36,22,1,15,29,15
39,37,23,6,10,17
34,15,14,16,28,11
11,18,44,20,40,1
29,34,22,13,44,3
31,20,22,7,19,9
4,15,32,27,26,16
5,32,11,35,23,19
27,13,42,1,37,19
30,39,29,11,40,18
21,3,32,18,34,4
5,40,35,29,16,16
18,43,39,27,32,19
40,35,33,23,13,15
5,32,17,30,37,9
15,6,13,31,39,13
39,12,18,40,34,20
14,22,45,28,41,8
7,17,35,12,28,11
31,35,37,32,39,9
26,7,5,33,41,16
36,43,12,33,28,15
18,31,44,22,42,2
10,18,9,15,11,10
45,37,30,42,43,7
28,8,45,10,43,6
32,15,40,37,30,15
21,20,31,44,42,11
19,23,31,30,43,11
16,31,35,43,4,13
28,44,12,8,30,8
15,11,5,30,2,2
25,32,29,22,24,2
21,35,39,18,44,9
40,35,18,32,29,5
38,17,2,43,30,15
30,44,29,4,38,18
29,37,23,32,42,16
33,16,39,43,29,7
7,24,42,31,27,5
15,8,9,5,45,9
4,37,43,24,30,7
22,2,18,8,11,1
35,43,40,1,4,3
5,31,24,20,43,2
6,38,34,1,26,4
15,39,35,4,44,12
9,44,37,30,36,12
30,20,4,19,3,11
42,20,23,24,40,4
32,40,39,25,8,2
43,8,34,42,29,16
35,2,41,26,3,17
16,27,42,13,31,7
29,26,20,27,34,1
29,14,16,1,34,17
40,45,25,4,20,18
3,14,8,31,44,9
28,1,25,22,14,18
23,2,3,34,39,8
6,16,8,24,19,7
3,45,8,1,37,18
4,23,27,33,10,10
16,41,33,13,21,8
36,34,38,43,9,4
37,22,15,16,33,20
17,35,30,16,15,4
43,30,14,10,9,16
3,9,17,44,21,4
43,28,18,11,8,10
3,27,14,5,2,15
43,1,3,5,34,1
9,20,12,2,14,20
40,36,44,6,38,8
3,18,21,12,25,4
45,6,17,9,20,17
2,29,3,40,14,8
25,11,22,3,45,19
24,15,37,44,25,8
9,28,20,15,1,6
45,1,15,23,30,1
3,16,17,23,40,9
16,21,11,6,12,11
33,32,36,41,7,9
41,42,33,2,23,3
1,34,27,6,30,12
29,10,37,27,9,7
17,35,13,32,38,14
12,6,43,24,25,9
6,1,32,11,43,1
25,11,16,12,18,14
23,19,9,42,26,17
26,5,7,21,14,20
15,34,33,29,10,20
7,30,34,19,38,6
14,38,21,31,22,3
6,7,3,39,5,11
34,29,13,15,7,13
15,8,40,11,24,10
13,6,8,21,38,19
9,17,23,1,4,11
22,38,42,37,16,6
1,18,11,37,41,16
5,42,18,33,45,1
9,1,21,41,15,1
41,1,27,23,42,1
23,29,7,38,18,14
42,12,26,34,36,8
4,18,13,40,44,14
30,38,12,4,40,10
24,30,33,27,23,18
26,23,43,25,21,10
2,12,34,18,14,2
29,35,8,10,41,3
5,35,43,30,1,6
33,23,8,29,37,1
1,43,13,4,45,13
29,10,37,1,5,20
5,30,38,19,45,9
20,11,30,35,6,13
15,40,31,32,33,16
6,26,45,14,37,14
27,36,28,1,32,16
31,15,5,12,25,3
13,5,40,16,44,3
26,39,20,5,25,19
34,38,33,37,1,13
30,39,19,16,41,13
23,39,5,30,37,13
40,35,3,32,36,12
43,7,11,41,2,1
23,45,4,40,38,19
8,40,36,45,3,6
33,41,38,32,27,2
40,11,26,5,2,12
10,27,28,31,35,11
42,3,43,10,40,2
5,14,34,41,42,18
20,31,38,39,43,2
14,18,19,39,41,11
8,15,17,26,44,5
11,30,32,37,44,1
6,8,21,22,25,19
12,24,27,35,36,14
3,5,11,39,43,9
11,12,30,40,43,13
14,21,29,33,42,10
1,11,14,36,45,10
1,9,20,35,37,14
6,8,18,22,27,14
3,19,22,32,39,14
7,40,4,29,31,2
5,26,2,40,20,20
6,7,9,30,35,18
2,6,20,29,42,5
4,10,16,17,27,13
2,7,21,35,38,1
8,14,25,30,42,10
11,12,22,26,45,17
8,23,29,31,34,6
6,20,30,32,39,15
8,13,26,33,43,15
1,7,14,18,19,8
2,15,26,37,39,7
12,17,18,36,45,16
4,6,10,13,20,17
1,13,15,16,37,10
12,14,16,18,31,10
14,18,28,37,40,7
12,25,32,37,40,3
14,30,39,41,43,8
6,21,28,30,32,8
9,14,19,21,37,15
6,23,27,30,35,16
12,24,29,30,37,4
8,11,21,37,41,13
2,8,9,13,37,18
1,6,9,19,39,9
9,14,24,39,43,10
17,26,27,37,39,3
17,21,37,38,40,11
13,27,35,40,41,10
10,22,24,33,39,14
4,6,29,32,38,20
2,32,8,15,4,3
18,22,24,34,35,1
2,9,19,28,45,1
4,5,25,26,28,15
8,11,26,35,41,17
3,6,23,30,45,6
1,4,19,41,45,8
5,25,26,38,39,5
4,9,20,26,41,9
2,24,30,32,35,1
16,24,31,33,41,17
5,7,17,23,41,10
6,11,33,35,41,15
13,14,21,28,40,10
7,17,20,27,35,4
12,13,21,27,45,19
7,13,16,20,32,1
6,23,24,32,38,18
5,7,11,19,23,20
13,18,21,24,39,12
4,19,20,35,38,10
10,16,17,36,39,1
6,14,21,27,32,4
4,11,12,17,34,9
15,20,25,26,42,13
5,35,39,44,45,8
29,30,34,36,39,6
16,18,23,31,42,12
2,5,12,16,23,1
5,6,35,38,41,1
2,5,21,39,40,8
5,15,25,30,39,11
10,15,30,41,43,3
16,17,18,23,34,13
14,16,40,41,45,6
15,17,23,24,42,19
17,30,37,40,42,12
7,28,30,39,45,18
2,12,23,29,31,15
10,21,22,35,39,4
3,6,28,34,45,11
7,12,32,34,42,16
25,28,36,38,45,17
9,13,20,33,37,14
6,30,31,34,37,7
24,25,29,34,42,15
4,12,13,43,44,2
20,35,36,37,40,9
30,10,9,19,45,6
14,18,24,33,44,13
9,10,17,35,38,3
4,9,28,29,33,20
12,19,27,30,42,18
8,33,36,37,41,15
3,16,23,39,45,5
2,12,21,25,44,5
10,26,27,28,41,11
4,10,14,21,40,3
12,22,30,35,38,14
1,19,28,31,38,8
1,7,11,16,45,3
4,10,13,29,42,11
7,11,21,26,38,1
1,12,20,29,44,5
11,26,37,40,43,18
8,10,13,15,34,14
1,16,26,27,33,20
14,19,26,29,35,8
8,15,22,36,41,11
12,25,31,32,33,3
8,13,19,35,39,1
6,10,15,21,40,18
2,6,9,15,28,15
9,14,32,38,44,1
26,33,35,36,38,15
37,10,39,35,31,18
18,12,4,17,26,6
1,9,25,35,36,4
7,8,9,19,24,13
13,22,37,42,45,18
2,19,20,28,45,4
2,9,22,26,33,9
16,23,39,42,44,11
5,13,18,27,44,15
7,24,25,36,38,1
4,6,24,30,31,16
16,27,30,31,32,7
2,30,32,34,43,3
6,11,37,38,40,2
1,19,23,41,44,18
14,18,29,39,42,8
12,23,29,33,42,18
1,12,25,32,42,3
11,15,21,31,41,8
2,9,22,33,40,12
2,13,33,38,44,6
11,15,28,35,44,5
11,12,22,37,39,16
10,16,25,28,42,4
13,21,25,29,36,7
2,29,31,33,43,15
2,16,21,34,36,15
2,15,22,27,32,18
3,5,13,20,32,11
4,5,11,25,42,9
4,19,23,25,26,15
2,21,29,42,44,6
7,18,21,44,45,1
12,14,16,37,44,6
19,21,24,28,32,11
12,13,17,27,35,9
2,22,24,41,42,3
7,14,28,39,45,11
8,27,36,41,45,16
1,5,6,33,39,14
4,6,35,41,45,9
1,14,15,20,28,17
11,23,25,33,40,14
7,26,27,35,43,16
1,23,27,40,43,14
12,15,27,31,45,19
2,4,5,10,28,3
7,18,28,31,41,3
7,12,29,30,31,16
7,17,18,29,39,19
5,7,16,30,39,19
8,14,24,26,35,8
9,16,21,27,38,13
8,10,14,31,36,9
3,22,27,34,43,19
8,23,24,25,43,15
20,26,33,36,40,2
9,19,30,31,38,16
10,11,14,40,43,6
13,27,29,36,45,17
3,6,7,20,24,12
3,7,9,32,37,7
3,11,17,25,30,18
2,5,13,27,37,14
4,9,12,22,25,20
7,13,16,39,43,5
5,9,10,18,21,11
1,8,11,31,39,2
3,16,20,21,39,2
8,15,16,19,23,14
2,8,13,14,30,9
1,15,17,36,40,13
9,16,22,30,35,7
8,15,16,31,41,15
12,17,30,40,44,6
4,7,9,18,19,4
3,9,22,34,39,19
3,8,15,20,33,16
21,26,29,33,37,6
6,29,36,38,42,14
5,11,22,25,43,9
7,15,29,34,37,2
4,18,22,38,45,2
15,21,28,30,38,4
11,22,25,32,44,17
5,19,24,36,43,1
8,12,21,24,31,18
8,18,22,39,40,6
6,13,30,31,35,18
1,3,21,30,42,18
9,14,24,25,26,15
1,21,33,37,43,6
2,4,7,30,31,12
35,24,20,18,31,16
14,29,13,45,4,2
35,8,34,11,37,6
9,19,23,8,4,5
32,20,8,38,5,3
28,37,34,41,31,1
20,17,18,29,7,5
17,19,39,21,30,2
35,31,28,3,45,8
40,15,7,4,26,6
9,25,32,38,41,6
34,41,21,6,29,2
8,13,4,10,27,4
13,25,5,35,34,5
17,25,37,5,36,2
16,7,1,41,30,10
44,24,11,42,19,12
19,13,34,12,37,13
33,17,41,12,32,15
18,19,3,29,22,14
28,17,24,21,30,10
1,39,44,32,37,12
30,33,18,35,34,3
38,39,4,12,10,4
42,25,31,9,44,18
18,10,5,6,15,20
37,44,3,43,23,14
18,44,14,43,28,13
1,21,27,3,18,11
2,11,6,36,34,5
7,10,43,8,4,10
25,5,44,24,30,3
34,28,30,22,4,1
21,11,19,27,2,17
16,25,23,30,4,9
30,39,8,44,40,16
21,27,41,25,34,2
36,25,16,19,17,1
13,20,42,6,35,11
14,30,23,22,41,15
34,17,44,33,21,5
4,30,2,20,24,11
5,23,22,42,32,2
30,20,34,37,32,1
21,3,31,1,25,6
39,23,16,9,3,1
22,6,28,9,18,13
5,24,18,4,26,13
15,20,8,22,9,11
38,20,25,10,1,16
35,15,17,41,44,5
8,7,29,26,15,19
19,40,29,13,43,3
44,15,6,25,10,13
27,31,15,20,37,6
31,35,4,45,36,7
10,7,17,37,21,5
18,27,28,34,37,12
16,39,26,34,19,12
42,41,43,38,19,12
14,30,41,26,43,8
38,1,10,26,36,14
38,12,1,43,31,1
31,19,18,37,16,6
28,31,35,38,40,10
6,10,16,19,35,6
41,40,12,27,15,10
22,13,10,36,1,20
38,39,36,26,21,7
13,42,19,18,8,17
45,24,10,26,16,6
15,27,12,23,8,16
6,29,27,44,31,16
39,29,9,30,36,12
2,37,6,33,28,4
11,24,27,30,40,5
39,7,23,45,17,19
35,17,43,4,7,16
19,18,35,15,26,15
9,22,13,39,33,20
36,28,1,45,31,3
36,6,43,42,28,12
21,43,31,5,22,17
2,11,31,34,7,18
9,13,18,6,35,1
6,22,29,45,35,16
15,27,1,12,9,3
17,45,5,1,13,6
2,35,32,37,38,16
28,38,37,3,11,6
1,22,36,34,29,2
18,37,43,21,35,19
10,37,44,28,31,3
26,35,24,2,17,20
43,26,5,20,6,6
7,15,40,16,42,20
36,23,28,37,29,17
34,2,7,12,9,19
14,5,7,29,10,14
40,3,26,23,4,11
10,12,37,30,45,5
41,26,39,21,43,3
20,18,23,24,41,8
13,8,41,39,2,1
45,17,29,2,9,20
35,24,36,42,12,17
27,8,41,44,10,17
14,29,6,4,32,7